brand,name,sale,priceU,salePriceU
MOZABRICK,Фото конструктор мозаика по фотографии размер S,0.00,160.00,189.50
Тигренок,Гусь игрушка мягкая плюшевый обнимашка 130 160 190 90 50,0.00,51.06,52.15
Bauer.,Конструктор Стройка Все включено,13.00,74.00,63.74
Bauer.,Конструктор Департамент полиции Все включено!,13.00,64.06,55.56
Bauer.,Развивающий конструктор Bauer Классик Супер-мешок 592дет. 3+,11.00,100.12,88.92
Bauer.,Конструктор Набор Тушение пожара Все включено,12.00,71.29,62.14
Bauer.,STEM конструктор Набор Весёлые горки 56 эл. от 3 до 99 лет,13.00,39.46,34.17
ZateyaMarket,"Аквамозаика, мозаика с бусинами, подарок",2.00,29.25,28.53
Bauer.,Конструктор Classic 578 элементов,11.00,99.77,88.33
Nraviza,Кондитерский набор для детей с шоколадной ручкой,1.00,83.15,81.80
GoGame,Конструктор для мальчиков малышей детский крупный,6.00,42.83,40.21
Bauer.,Конструктор Bauer Классик мешок Junior 325 деталей,12.00,68.11,59.89
KimToys,Бизиборд домик со светом бизидом игрушки,4.00,73.64,70.35
Bauer.,Конструктор классик ПРО100 мешок,0.00,26.27,26.74
Куклодомик,Кукольный домик большой для детей,0.00,293.48,312.08
Re-агенты,"Большой подарочный набор для опытов для детей, 12 шт",0.00,71.40,93.69
LEGO,minecraft детский конструктор для мальчиков и девочек,4.00,45.12,43.04
MUSTHAVE KIDS,Амонг ас конструктор,0.00,52.77,52.87
Ассорти Товаров,Сортер,12.00,3.56,3.11
Magicshop,Гусь игрушка мягкая плюшевый обнимашка 130 160 190 90 50,0.00,28.77,29.17
Constructor's LANDE,"Детский развивающий конструктор, пластиковый, блочный",0.00,19.28,19.42
ЛеПеСиН,Сортер для малышей деревянный развивающий монтессори от 3+,0.00,21.68,21.52
LEGO,minecraft детский конструктор для мальчиков и девочек,7.00,47.68,44.31
Нейромаг,Сортер деревянный Ключики замочки,10.00,10.80,9.63
AUKKA,Монтессори игрушки из дерева Развивающий магнитный сортер,1.00,24.65,24.31
Эксперименты PRO опыты,"Набор опытов для детей 7 в 1, подарок для девочки и мальчика",12.00,54.50,47.48
Little Toys,Человечки лего Солдатики фигурки наборы,6.00,36.98,34.50
Little Toys,Человечки лего Солдатики фигурки наборы,7.00,16.78,15.46
Bauer.,STEM конструктор Набор Весёлые горки 21 эл. от 3 до 99 лет,0.00,17.17,17.10
Little Toys,Человечки лего солдатики фигурки наборы,6.00,23.96,22.36
Little Toys,Человечки лего солдатики фигурки наборы,6.00,23.79,22.36
Little Toys,Человечки лего Солдатики фигурки наборы,10.00,17.19,15.46
LED MAGIC Toys,Мягкая игрушка плюшевая подушка Гусь обнимусь 160 см,0.00,38.13,39.08
MUSTHAVE KIDS,Конструкторы майнкрафт для мальчиков minecraft игрушки,0.00,38.56,39.64
"Маэстро, браво!",Наборы для опытов и экспериментов подарок мальчику девочке,3.00,23.70,22.92
KsyGri,Прорезыватель для зубов силиконовый грызунок для малышей,8.00,15.20,13.96
Kiddy's,Человечки лего солдатики фигурки наборы,9.00,36.42,32.99
Полесье,Сортер развивающий пластиковый игрушка для малышей,0.00,33.43,33.17
Нейромаг,Логопальцеход логопедическая игра,23.00,11.55,8.83
Эврики,Набор опытов для детей 14 в 1 подарок для девочки и мальчика,0.00,59.72,74.52
Jolly Kids,Бизиборд домик со светом,0.00,99.12,100.70
AlexToys,Развивающая игрушка сортер Ежик,13.00,14.77,12.77
Знаток,Звуковой коврик музыкальный для девочек и мальчиков,9.00,88.06,79.74
Kiddy's,Солдатики фигурки игровой набор военные игрушки,4.00,22.22,21.13
Kiddy's,Cолдатики фигурки военные Спецназ полиция,3.00,21.95,21.16
Kiddy's,Фигурка-игрушка,16.00,25.38,21.16
Нейромаг,Сортер рамкавкладыш Ёжик,18.00,10.59,8.68
Bauer.,Весёлые горки 113 эл. от 3 до 99 ле,12.00,62.63,54.65
KIDBLOCKS,Магнитный конструктор светящийся на 75 деталей,4.00,43.33,41.37
Bauer.,STEM конструктор Набор Весёлые горки 29 эл. от 3 до 99 лет,13.00,26.01,22.56
Bauer.,STEM конструктор Набор Весёлые горки 77 эл. от 3 до 99 лет,0.00,50.98,51.14
Bauer.,Конструктор Фиксики. Нолик и Симка,13.00,60.79,52.58
Play Okay,"Детская кухня с паром, музыкой и светом",11.00,71.51,63.63
SmallKids,Головоломка тетрис Развивающая игрушка Катамино деревянный,19.00,3.64,2.94
Bauer.,Детский развивающий конструктор Bauer Стройка 171 деталь,12.00,63.12,55.07
LORI,"Набор опытов для детей 7 в 1, подарок для девочки и мальчика",0.00,48.63,50.38
Kid`s Room,"Погремушка, игрушка подвеска на коляску",2.00,22.22,21.73
Bauer.,STEM конструктор Набор Весёлые горки 145 эл. от 3 до 99 лет,12.00,80.60,70.81
Infinity Nado,Инфинити Надо. Волчок Эпик Лончер Стандарт Fury Dragon,5.00,80.26,75.92
Bauer.,Конструктор Classic 336 элементов,19.00,83.07,66.85
Bauer.,Конструктор Классик в мешке 156 дет,16.00,42.59,35.48
Bauer.,Конструктор Bauer Фиксики-конструктор Генератор,13.00,50.08,43.28
ЛеПеСиН,Сортер для малышей деревянный развивающий монтессори от 3+,2.00,17.13,16.70
Нейромаг,Деревянный сортер Кошечки развивающая игра,14.00,15.47,13.23
Bauer.,Конструктор Bauer Фиксики-конструктор Фиксибан,12.00,49.21,43.13
Gamis,Термомозаика для мальчиков и девочек Развивающая игрушка,12.00,38.67,33.90
Winner Technique,Конструктор на радиоуправлении,4.00,100.54,96.46
Dream Zone Термомозайка,Термомозаика Развивающая игрушка для девочек и мальчиков,1.00,25.99,25.73
Bauer.,Конструктор Bauer Фиксики-конструктор Лаборатория,12.00,56.17,48.89
Babypolis,Ночник проектор детский с белым шумом игрушка интерактивная,3.00,85.40,82.54
Нейромаг,Сортер Паровозик развивающая игрушка,16.00,9.94,8.28
KIDBLOCKS,Магнитный конструктор светящийся на 150 деталей,0.00,89.03,88.58
MONO PLAY,Бизиборд детская игрушка для мальчиков и девочек от 1 года,3.00,99.91,96.82
Infinity Nado,Инфинити Надо. Волчок Эпик Лончер Стандарт Blazing Bear,5.00,80.65,75.92
Менделейка,Наборы для опытов игрушки подарок набор для творчества,3.00,45.31,43.53
kidditoy,Термомозаика для мальчиков и девочек Развивающая игрушка,2.00,40.65,39.68
Полесье,Конструктор для мальчиков девочек малышей крупный,0.00,26.25,26.28
NAPPA.HOME,Палатка детская игровая домик машинка комплекс шатер вигвам,10.00,47.62,42.54
KIDBLOCKS,Магнитный конструктор светящийся на 49 деталей,4.00,33.72,32.13
Infinity Nado,Инфинити Надо. Арена для баттлов. ТМ,0.00,35.52,35.66
BertToys,3в1 Говоручка + 2 Книги Первые Знания и Забавные Животные,3.00,157.76,152.50
ToySib,Сортер для малышей,0.00,27.82,29.35
BertToys,3в1 Говоручка + 2 Книги Веселые Цифры и Забавные Животные,3.00,157.76,152.50
LIKETOYS,Головоломка тетрис Развивающая игрушка Катамино,34.00,4.89,3.22
DreamMosaic,Аквамозаика развивающий большой набор для девочек,0.00,18.78,21.39
Sonita,Игровой набор Динозавры развивающий,1.00,31.22,30.82
Bauer.,Конструктор Bauer пушка и крепость,14.00,41.32,35.19
Bauer.,Конструктор Bauer замок Грифона,12.00,70.37,61.85
СпадарДрэва Kids,Кукольный домик-конструктор деревянный,13.00,165.23,143.06
СпадарДрэва Kids,Головоломка развивающая игрушка,47.00,67.28,35.54
Bauer.,Конструктор Крепость штурм замка,17.00,85.43,70.90
СпадарДрэва Kids,Кукольный домик деревянный,36.00,175.25,111.81
Sonita,"Автотрек, парковка для машинок, машинки 6 шт",1.00,40.55,39.92
ABOON,Бизиборд для мальчиков девочек домик куб со светом,3.00,70.79,68.48
Kids republic,Палатка детская игровая домик шатер для ребенка,4.00,32.75,31.27
Kids republic,Палатка детская игровая домик шатер для ребенка,5.00,33.14,31.25
Научно Нескучно,"Набор опытов для детей 7 в 1, подарок для девочки и мальчика",1.00,61.40,60.66
Гусь обнимусь,Гусь обнимашка игрушка - подушка антистресс 90 см,0.00,15.99,17.41
"WOW кубик (Кубознайка, Помогайка, Знай кубик)",Русский язык и математика для начальных классов,17.00,13.63,11.19
Alilo,Интерактивная музыкальная игрушка Умный зайка R1 для детей,4.00,115.67,110.89
